78;RESERVOIR SEGIRI                                                                                                                                                                                                                                               ;JL. PAHLAWAN                                                                                                                                                                                                                                                   ;-0.486100                                                                                                                                                                                                                                                      ;117.146.370;PAHLAWAN.jpeg;;
79;INTAKE KARANG ASAM                                                                                                                                                                                                                                             ;JL. SELAMAT RIADI                                                                                                                                                                                                                                              ;-0.5012887828862432                                                                                                                                                                                                                                            ;11.712.271.183.011.000;11. INTAKE KARANG ASAM.jpeg;;
80;KOMPLEK PERUMDAM CENDANA                                                                                                                                                                                                                                       ;JL CENDANA                                                                                                                                                                                                                                                     ;-0.49627551529687775                                                                                                                                                                                                                                           ;11.711.999.267.644.300;komplek cendana.png;;
81;UNIT PELAYANAN WILAYAH 4                                                                                                                                                                                                                                       ;KAMPUNG BAQA                                                                                                                                                                                                                                                   ;-0.5115606971884553                                                                                                                                                                                                                                            ;11.714.125.189.800.900;UPW IV.png;;
82;KANTOR PUSAT PERUMDAM TIRTA KENCANA                                                                                                                                                                                                                            ;JL. TIRTA KENCANA NO. 1                                                                                                                                                                                                                                        ;-0.4983980849184139                                                                                                                                                                                                                                            ;11.714.200.628.319.000;5. KANTOR PUSAT PERUMDAM.png;;
83;TANAH RAWA INDAH (Rencana Reservoir)                                                                                                                                                                                                                           ;JL. MT. HARYONO                                                                                                                                                                                                                                                ;-0.512470                                                                                                                                                                                                                                                      ;117.106.658;6. TANAH RAWA INDAH.jpeg;;
84;TANAH JUANDA (Rencana Reservoir)                                                                                                                                                                                                                               ;JL. IR. H. JUANDA                                                                                                                                                                                                                                              ;-0.481472                                                                                                                                                                                                                                                      ;117.137.071;tanah juanda.jpg;;
85;TANAH JL RAYA SMD-BPP (Rencana Reservoir)                                                                                                                                                                                                                      ;JL. CIPTO MANGUNKUSUMO                                                                                                                                                                                                                                         ;-0.536755                                                                                                                                                                                                                                                      ;117.118.799;lipan.jpg;;
86;IPA UNIT 3 (Seberang)                                                                                                                                                                                                                                          ;JL. SULTAN HASANUDDIN                                                                                                                                                                                                                                          ;-0.51360                                                                                                                                                                                                                                                       ;11.713.994;9. IPA UNIT 3.png;;
87;TANAH RAPAK DALAM                                                                                                                                                                                                                                              ;KAMPUNG BAQA                                                                                                                                                                                                                                                   ;-0.516041                                                                                                                                                                                                                                                      ;117.138.765;selili.jpg;;
88;TANAH PANDAN HARUM                                                                                                                                                                                                                                             ;JL KADRIE OENING                                                                                                                                                                                                                                               ;-0.47195594993358625                                                                                                                                                                                                                                           ;1.171.353.658.820.930;logo-2.jpg;;
89;IPA PALARAN                                                                                                                                                                                                                                                    ;JL. PEMUDA PALARAN                                                                                                                                                                                                                                             ;-0.5650085190521571                                                                                                                                                                                                                                            ;11.718.134.830.959.300;8. IPA PALARAN.jpeg;;
90;IPA LOA BAKUNG                                                                                                                                                                                                                                                 ;LOA BAKUNG                                                                                                                                                                                                                                                     ;-0.5312279545006522                                                                                                                                                                                                                                            ;11.710.043.887.140.600;14. IPA LOA BAKUNG.jpeg;;
91;BOOSTER PANDJAITAN                                                                                                                                                                                                                                             ;JL A YANI                                                                                                                                                                                                                                                      ;-0.46200780575558476                                                                                                                                                                                                                                           ;11.717.670.468.542.800;46. BOOSTER PANJAITAN.jpeg;;
92;IPA PULAU ATAS                                                                                                                                                                                                                                                 ;MAKROMAN                                                                                                                                                                                                                                                       ;-0.562555                                                                                                                                                                                                                                                      ;117.219.916;15. IPA PULAU ATAS.jpeg;;
93;BOOSTER SUWANDI                                                                                                                                                                                                                                                ;JL. H SUWANDI                                                                                                                                                                                                                                                  ;-0.466861                                                                                                                                                                                                                                                      ;117.145.722;20. BOOSTER SUWANDI.jpeg;;
94;IPA BENGKURING                                                                                                                                                                                                                                                 ;JL. BENGKURING                                                                                                                                                                                                                                                 ;-0.42436469622505557                                                                                                                                                                                                                                           ;11.717.127.432.392.300;IPA BENGKURING.jpg;;
95;BOOSTER AWS                                                                                                                                                                                                                                                    ;JL. A W SYAHRANI                                                                                                                                                                                                                                               ;-0.46004429033220684                                                                                                                                                                                                                                           ;11.713.977.121.071.100;18. BOOSTER AWS.jpeg;;
96;BOOSTER DAMANHURI                                                                                                                                                                                                                                              ;JL DAMANHURI                                                                                                                                                                                                                                                   ;-0.47750658127379114                                                                                                                                                                                                                                           ;11.718.908.634.998.200;45. BOOSTER DAMANHURI.jpeg;;
97;TANAH RING ROAD 2                                                                                                                                                                                                                                              ;Jl HM ARDANS                                                                                                                                                                                                                                                   ;-0.482968                                                                                                                                                                                                                                                      ;117.097.176;20. TANAH RING ROAD 2.jfif;;
98;BOOSTER DAMAI                                                                                                                                                                                                                                                  ;JL OTTO ISKANDAR DINATA                                                                                                                                                                                                                                        ;-0.501547                                                                                                                                                                                                                                                      ;117.166.900;16. BOOSTER DAMAI.jpeg;;
99;IPA SELILI                                                                                                                                                                                                                                                     ;JL LUMBA LUMBA                                                                                                                                                                                                                                                 ;-0.520247015994618                                                                                                                                                                                                                                             ;1.171.573.123.140.230;IPA SELILI.jpg;;
100;IPA PAMPANG                                                                                                                                                                                                                                                    ;TANAH MERAH                                                                                                                                                                                                                                                    ;-0.392236                                                                                                                                                                                                                                                      ;117.226.257;21. IPA PAMPANG.jpg;;
101;IPA BANTUAS                                                                                                                                                                                                                                                    ;JL AL HASANI BENTUAS                                                                                                                                                                                                                                           ;-0.6701297998256988                                                                                                                                                                                                                                            ;11.718.113.736.254.000;21. IPA BANTUAS.jpeg;;
102;UNIT PELAYANAN WILAYAH 3                                                                                                                                                                                                                                       ;JL KADRIE OENING                                                                                                                                                                                                                                               ;-0.47230617702307576                                                                                                                                                                                                                                           ;11.713.743.104.662.600;UPW III.png;;
103;IPA MAKROMAN                                                                                                                                                                                                                                                   ;SAMBUTAN                                                                                                                                                                                                                                                       ;-0.516883                                                                                                                                                                                                                                                      ;117.239.006;WhatsApp Image 2021-05-20 at 11.10.51 AM (1).jpeg;;
104;INTAKE BENGKURING                                                                                                                                                                                                                                              ;BENGKURING                                                                                                                                                                                                                                                     ;-0.424364696                                                                                                                                                                                                                                                   ;1.171.712.743;27. INTAKE BENGKURING.jpg;;
105;BOOSTER KENYAH                                                                                                                                                                                                                                                 ;JL. KENYAH                                                                                                                                                                                                                                                     ;-0.454656                                                                                                                                                                                                                                                      ;117.152.808;19. BOOSTER KENYAH.jpeg;;
106;BOOSTER PELITA 4                                                                                                                                                                                                                                               ;JL. PELITA 4 NO. 2                                                                                                                                                                                                                                             ;-0.508716                                                                                                                                                                                                                                                      ;117.182.706;17. BOOSTER PELITA 4.jpeg;;
107;BOOSTER PELITA 7                                                                                                                                                                                                                                               ;JL. NASI MAWUT                                                                                                                                                                                                                                                 ;-0.513583                                                                                                                                                                                                                                                      ;117.206.361;22. BOOSTER PELITA 7.jpg;;
108;BOOSTER PEMBANGUNAN                                                                                                                                                                                                                                            ;JL. DURIAN                                                                                                                                                                                                                                                     ;-0.4733892                                                                                                                                                                                                                                                     ;1.171.432.838;9. BOOSTER PEMBANGUNAN.jpeg;;
109;BOOSTER RING ROAD 2                                                                                                                                                                                                                                            ;JL. RING ROAD                                                                                                                                                                                                                                                  ;-0.469938                                                                                                                                                                                                                                                      ;117.113.518;23. BOOSTER RING ROAD.jpg;;
110;BOOSTER SIRADJ SALMAN                                                                                                                                                                                                                                          ;JL. WIRATAMA                                                                                                                                                                                                                                                   ;-0.4920418                                                                                                                                                                                                                                                     ;1.171.380.655;10. BOOSTER SIRADJ SALMAN.jpeg;;
111;INTAKE LOA BAKUNG                                                                                                                                                                                                                                              ;LOA BAKUNG                                                                                                                                                                                                                                                     ;-0.53561                                                                                                                                                                                                                                                       ;117.092.008;12. INTAKE LOABAKUNG.jpeg;;
112;INTAKE PALARAN                                                                                                                                                                                                                                                 ;RAWA MAKMUR                                                                                                                                                                                                                                                    ;-0.5646649                                                                                                                                                                                                                                                     ;1.171.847.426;7. INTAKE PALARAN.jpeg;;
113;INTAKE PULAU ATAS                                                                                                                                                                                                                                              ;JL OLAH BEBAYA                                                                                                                                                                                                                                                 ;-0.565318                                                                                                                                                                                                                                                      ;117.218.449;36. INTAKE PULAU ATAS.jpeg;;
114;INTAKE SEI KAPIH                                                                                                                                                                                                                                               ;SUNGAI KAPIH                                                                                                                                                                                                                                                   ;-0.531035                                                                                                                                                                                                                                                      ;117.161.461;3. INTAKE SEI KAPIH.jpg;;
115;INTAKE TELUK LERONG                                                                                                                                                                                                                                            ;JL RE MARTADINATA                                                                                                                                                                                                                                              ;-0.501128                                                                                                                                                                                                                                                      ;117.129.281;tl.jpg;;
116;IPA GN LINGAI                                                                                                                                                                                                                                                  ;JL LEMPAKE                                                                                                                                                                                                                                                     ;-0.436172                                                                                                                                                                                                                                                      ;117.177.845;ling.jpg;;
117;IPA GN. LIPAN                                                                                                                                                                                                                                                  ;JL. CIPTO MANGUNKUSUMO                                                                                                                                                                                                                                         ;-0.5357869586318402                                                                                                                                                                                                                                            ;1.171.177.690.888.870;40. lipan.jpeg;;
118;KANTOR TEKNIK PERUMDAM                                                                                                                                                                                                                                         ;JL. TIRTA KENCANA                                                                                                                                                                                                                                              ;-0.49964986                                                                                                                                                                                                                                                    ;1.171.413.427;KANTOR TEKNIK.png;;
119;LOKET CARPOTEC                                                                                                                                                                                                                                                 ;JL. UNTUNG SUROPATI                                                                                                                                                                                                                                            ;-0.527028                                                                                                                                                                                                                                                      ;117.113.083;15. LOKET CARPOPTEC.jpeg;;
120;UNIT PELAYANAN WILAYAH 2                                                                                                                                                                                                                                       ;JL. MERDEKA C NO. 8                                                                                                                                                                                                                                            ;-0.48741793                                                                                                                                                                                                                                                    ;1.171.654.183;UPW II.png;;
121;IPA BENDANG                                                                                                                                                                                                                                                    ;JL. M. SAID                                                                                                                                                                                                                                                    ;-0.498606376                                                                                                                                                                                                                                                   ;117.066.259;bdg.jpg;;
122;BOOSTER BENGKURING                                                                                                                                                                                                                                             ;JL BENGKURING RAYA 2 - 5                                                                                                                                                                                                                                       ;-0.429944                                                                                                                                                                                                                                                      ;117.157.889;BOOSTER BENGKURING.jpeg;;
123;BOOSTER PUSPITA BENGKURING                                                                                                                                                                                                                                     ;JL. PADAT KARYA                                                                                                                                                                                                                                                ;-0.431517                                                                                                                                                                                                                                                      ;117.156.410;BOOSTER PUSPITA BENGKURING.jpeg;;
124;INTAKE SELILI                                                                                                                                                                                                                                                  ;JL LUMBA LUMBA                                                                                                                                                                                                                                                 ;-0.5205778775443141                                                                                                                                                                                                                                            ;11.715.788.844.661.000;INTAKE SELILI.jpg;;
125;INTAKE GAJAH MADA                                                                                                                                                                                                                                              ;Jl Gajah Mada                                                                                                                                                                                                                                                  ;-0.503599                                                                                                                                                                                                                                                      ;117.146.129;INTAKE GAJAH MADA.jpg;;
126;Intake Benanga                                                                                                                                                                                                                                                 ;Bendungan Lempake                                                                                                                                                                                                                                              ;-0.40938869768201946                                                                                                                                                                                                                                           ;1.171.927.529.156.400;logo3.png;;
127;Pasar Kemuning                                                                                                                                                                                                                                                 ;Loa Bakung                                                                                                                                                                                                                                                     ;0;0;0 logo-1.jpg;;
128;Pasar Rahmat                                                                                                                                                                                                                                                   ;Lambung Mangkurat                                                                                                                                                                                                                                              ;0;0;0 logo-1.jpg;;
129;Pasar Merdeka                                                                                                                                                                                                                                                  ;Jl Merdeka                                                                                                                                                                                                                                                     ;0;0;0 logo-1.jpg;;
130;Pasar Bengkuring                                                                                                                                                                                                                                               ;Jl Bengkuring                                                                                                                                                                                                                                                  ;0;0;0 logo-1.jpg;;
131;Pasar Segiri Dalam                                                                                                                                                                                                                                             ;Jl Pahlawan                                                                                                                                                                                                                                                    ;0;0;0 logo-1.jpg;;
132;Pasar Kedondong                                                                                                                                                                                                                                                ;Jl Kedondong                                                                                                                                                                                                                                                   ;0;0;0 logo-1.jpg;;
133;Pasar Ijabah                                                                                                                                                                                                                                                   ;Jl P Antasari                                                                                                                                                                                                                                                  ;0;0;0 logo-1.jpg;;
134;Taman Museum Kota Samarinda                                                                                                                                                                                                                                    ;Jl Milono                                                                                                                                                                                                                                                      ;0;0;0 logo-1.jpg;;
135;Taman Samarendah                                                                                                                                                                                                                                               ;Jl Milono                                                                                                                                                                                                                                                      ;0;0;0 logo-1.jpg;;
136;Taman Sport Kantor Catatan Sipil                                                                                                                                                                                                                               ;Jl Milono                                                                                                                                                                                                                                                      ;0;0;0 logo-1.jpg;;
137;Taman Tepian Mahakam                                                                                                                                                                                                                                           ;Jl Gajah Mada                                                                                                                                                                                                                                                  ;0;0;0 logo-1.jpg;;
149;LOKET SEMPAJA                                                                                                                                                                                                                                                  ;JL. Wahid Hasyim                                                                                                                                                                                                                                               ;-0.4515324                                                                                                                                                                                                                                                     ;1.171.533.861;logo-2.jpg;;
150;Meta Data update                                                                                                                                                                                                                                               ;-                                                                                                                                                                                                                                                              ;0;0;ap.jpg;;
151;RUMBIA                                                                                                                                                                                                                                                         ;Jl. Rumbia 2                                                                                                                                                                                                                                                   ;-0.498453                                                                                                                                                                                                                                                      ;117.166.493;Rumbia.jpg;;
152;Intake Loa Kulu                                                                                                                                                                                                                                                ;Loa Kulu                                                                                                                                                                                                                                                       ;-0.4939317                                                                                                                                                                                                                                                     ;1.170.279.427;Intake Loa Kulu.jpg;;
153;IPA KALHOL                                                                                                                                                                                                                                                     ;Kalhol                                                                                                                                                                                                                                                         ;-0.5355687                                                                                                                                                                                                                                                     ;1.171.555.284;IPA KALHOL.jpeg;;
154;IPA SUNGAI KAPIH                                                                                                                                                                                                                                               ;Sungai Kapih                                                                                                                                                                                                                                                   ;-0.5309775                                                                                                                                                                                                                                                     ;1.171.612.647;IPA SEI KAPIH.jpg;;
155;TANAH (POROS SMD-BONTANG)                                                                                                                                                                                                                                      ;JALAN POROS SAMARINDA - BONTANG                                                                                                                                                                                                                                ;0;0;Logo Perumdam.jpg;;
156;JUANDA (GG.BELIMBING)                                                                                                                                                                                                                                          ;JALAN JUANDA GANG.BELIMBING                                                                                                                                                                                                                                    ;0;0;Logo Perumdam.jpg;;
157;TEST                                                                                                                                                                                                                                                           ;test                                                                                                                                                                                                                                                           ;0;0;indoor ezviz.jpg;;
158;BOOSTER BUKIT PINANG                                                                                                                                                                                                                                           ;Jl. Suryanata Perum Bukit Pinang                                                                                                                                                                                                                               ;-0.4618368                                                                                                                                                                                                                                                     ;1.171.151.051;BOOSTER BUKIT PINANG.jpg;;
159;BOOSTER BIZPARK                                                                                                                                                                                                                                                ;Jl. Suryanata Kel. Bukit Pinang                                                                                                                                                                                                                                ;-0.4572255                                                                                                                                                                                                                                                     ;1.171.142.709;BOOSTER BIZPARK.jpeg;;
160;BOOSTER DAKSA                                                                                                                                                                                                                                                  ;Loa Bakung                                                                                                                                                                                                                                                     ;-0.509253                                                                                                                                                                                                                                                      ;117.081.413;BOOSTER DAKSA.jpeg;;
161;BOOSTER SOLONG DURIAN LUAR                                                                                                                                                                                                                                     ;Jl. Wahid Hasyim 2 Perum Mutiara Indah                                                                                                                                                                                                                         ;-0.4351682                                                                                                                                                                                                                                                     ;1.171.484.815;BOOSTER SOLONG DURIAN LUAR.jpeg;;
162;BOOSTER PINANG BAHARI                                                                                                                                                                                                                                          ;Jl. Cipto Mangunkusumo                                                                                                                                                                                                                                         ;-0.526789                                                                                                                                                                                                                                                      ;117.124.129;BOOSTER PINANG BAHARI.jpeg;;
6;Test Lokasi 4                                                                                                                                                                                                                                                  ;Jl wijaya Kusuma                                                                                                                                                                                                                                               ;0;24234234;1700917185_6561efc19576e.jpg;25/11/2023 12:59;25/11/2023 12:59
7;Test Lokasi 6                                                                                                                                                                                                                                                  ;Jl Rawa Sari                                                                                                                                                                                                                                                   ;0;121212;1700917332_6561f0545c603.jpg;25/11/2023 13:02;25/11/2023 13:02
5;Test Lokasi 3                                                                                                                                                                                                                                                  ;Jl Wahid Hasyim Sempaja                                                                                                                                                                                                                                        ;534534;24234234;1700917073_6561ef515b986.jpg;25/11/2023 12:57;26/11/2023 00:58
8;INTAKE PADAELO                                                                                                                                                                                                                                                 ;Jl Padaelo                                                                                                                                                                                                                                                     ;0;121212;1703338168_6586e0b8cc2eb.jpg;23/12/2023 13:29;23/12/2023 13:30
